{
    "name": "root",
    "metadata": {
        "timer_format_version": "0.1.0",
        "start_time_seconds": "1729675099",
        "python_version": "3.9.13 (tags/v3.9.13:6de2ca5, May 17 2022, 16:36:42) [MSC v.1929 64 bit (AMD64)]",
        "command_line_arguments": "C:\\Users\\kzaman2023\\Documents\\GitHub\\real-machine-learning\\venv\\Scripts\\mlagents-learn --run-id=Test3",
        "mlagents_version": "0.30.0",
        "mlagents_envs_version": "0.30.0",
        "communication_protocol_version": "1.5.0",
        "pytorch_version": "2.0.1+cpu",
        "numpy_version": "1.21.2",
        "end_time_seconds": "1729675178"
    },
    "total": 79.1961465,
    "count": 1,
    "self": 0.004097199999989698,
    "children": {
        "run_training.setup": {
            "total": 0.15991270000000002,
            "count": 1,
            "self": 0.15991270000000002
        },
        "TrainerController.start_learning": {
            "total": 79.0321366,
            "count": 1,
            "self": 0.020846899999938273,
            "children": {
                "TrainerController._reset_env": {
                    "total": 8.5332449,
                    "count": 1,
                    "self": 8.5332449
                },
                "TrainerController.advance": {
                    "total": 70.32717270000006,
                    "count": 2058,
                    "self": 0.020495400000029917,
                    "children": {
                        "env_step": {
                            "total": 68.50637990000001,
                            "count": 2058,
                            "self": 67.58828899999999,
                            "children": {
                                "SubprocessEnvManager._take_step": {
                                    "total": 0.9048048000000541,
                                    "count": 2058,
                                    "self": 0.06513540000000262,
                                    "children": {
                                        "TorchPolicy.evaluate": {
                                            "total": 0.8396694000000515,
                                            "count": 2007,
                                            "self": 0.8396694000000515
                                        }
                                    }
                                },
                                "workers": {
                                    "total": 0.013286099999969991,
                                    "count": 2057,
                                    "self": 0.0,
                                    "children": {
                                        "worker_root": {
                                            "total": 7.763640000000063,
                                            "count": 2057,
                                            "is_parallel": true,
                                            "self": 4.061332400000078,
                                            "children": {
                                                "steps_from_proto": {
                                                    "total": 0.00032060000000022626,
                                                    "count": 1,
                                                    "is_parallel": true,
                                                    "self": 0.00010099999999901854,
                                                    "children": {
                                                        "_process_rank_one_or_two_observation": {
                                                            "total": 0.00021960000000120772,
                                                            "count": 2,
                                                            "is_parallel": true,
                                                            "self": 0.00021960000000120772
                                                        }
                                                    }
                                                },
                                                "UnityEnvironment.step": {
                                                    "total": 3.701986999999985,
                                                    "count": 2057,
                                                    "is_parallel": true,
                                                    "self": 0.11585719999997934,
                                                    "children": {
                                                        "UnityEnvironment._generate_step_input": {
                                                            "total": 0.17722690000000618,
                                                            "count": 2057,
                                                            "is_parallel": true,
                                                            "self": 0.17722690000000618
                                                        },
                                                        "communicator.exchange": {
                                                            "total": 3.153764000000036,
                                                            "count": 2057,
                                                            "is_parallel": true,
                                                            "self": 3.153764000000036
                                                        },
                                                        "steps_from_proto": {
                                                            "total": 0.2551388999999631,
                                                            "count": 2057,
                                                            "is_parallel": true,
                                                            "self": 0.12150369999998212,
                                                            "children": {
                                                                "_process_rank_one_or_two_observation": {
                                                                    "total": 0.13363519999998097,
                                                                    "count": 4114,
                                                                    "is_parallel": true,
                                                                    "self": 0.13363519999998097
                                                                }
                                                            }
                                                        }
                                                    }
                                                }
                                            }
                                        }
                                    }
                                }
                            }
                        },
                        "trainer_advance": {
                            "total": 1.8002974000000247,
                            "count": 2057,
                            "self": 0.025281400000016774,
                            "children": {
                                "process_trajectory": {
                                    "total": 0.621370700000007,
                                    "count": 2057,
                                    "self": 0.621370700000007
                                },
                                "_update_policy": {
                                    "total": 1.1536453000000009,
                                    "count": 1,
                                    "self": 0.8712122999999945,
                                    "children": {
                                        "TorchPPOOptimizer.update": {
                                            "total": 0.2824330000000064,
                                            "count": 30,